{
  "project_info": {
    "project_number": "896875392739",
    "firebase_url": "https://glass-pen-271820.firebaseio.com",
    "project_id": "glass-pen-271820",
    "storage_bucket": "glass-pen-271820.appspot.com"
  },
  "client": [
    {
      "client_info": {
        "mobilesdk_app_id": "1:896875392739:android:713c3d41d062f25b691fd6",
        "android_client_info": {
          "package_name": "com.PollBuzz.pollbuzz"
        }
      },
      "oauth_client": [
        {
          "client_id": "896875392739-5jate3fapvfmgaujnlmn3bqg6tg5a7ip.apps.googleusercontent.com",
          "client_type": 1,
          "android_info": {
            "package_name": "com.PollBuzz.pollbuzz",
            "certificate_hash": "ab94ec126afe99df0a302f280a5c7d8caead6816"
          }
        }
      ],
      "api_key": [
        {
          "current_key": "AIzaSyCLExkitW4K_OwLSm60_YHS6cZvL9bUqk8"
        }
      ],
      "services": {
        "appinvite_service": {
          "other_platform_oauth_client": [
            {
              "client_id": "896875392739-m41n3o1qrde27chcfh883avrhp1tvd7t.apps.googleusercontent.com",
              "client_type": 3
            }
          ]
        }
      }
    }
  ],
  "configuration_version": "1"
}