{
  "project_info": {
    "project_number": "468180243266",
    "firebase_url": "https://revidly-1574181268477.firebaseio.com",
    "project_id": "revidly-1574181268477",
    "storage_bucket": "revidly-1574181268477.appspot.com"
  },
  "client": [
    {
      "client_info": {
        "mobilesdk_app_id": "1:468180243266:android:357fcbfb474d3bf747eedb",
        "android_client_info": {
          "package_name": "co.revidly.android"
        }
      },
      "oauth_client": [
        {
          "client_id": "468180243266-g8b6rln6ovpfsdf31pd4echdlepphgd4.apps.googleusercontent.com",
          "client_type": 1,
          "android_info": {
            "package_name": "co.revidly.android",
            "certificate_hash": "d9926609df00657f652a2ba78fa6e0ee610e56a4"
          }
        },
        {
          "client_id": "468180243266-k4acnftuhclnmpra1d15eboe80c3berv.apps.googleusercontent.com",
          "client_type": 3
        }
      ],
      "api_key": [
        {
          "current_key": "AIzaSyDza8TMFS35i3wLOXA7Wm2dCLbN7RJfov8"
        }
      ],
      "services": {
        "appinvite_service": {
          "other_platform_oauth_client": [
            {
              "client_id": "468180243266-k4acnftuhclnmpra1d15eboe80c3berv.apps.googleusercontent.com",
              "client_type": 3
            }
          ]
        }
      }
    }
  ],
  "configuration_version": "1"
}